Area_Name,Year,Group_Name,Victims_Upto_10_Yrs,Victims_Upto_10_15_Yrs,Victims_Upto_15_18_Yrs,Victims_Upto_18_30_Yrs,Victims_Upto_30_50_Yrs,Victims_Above_50_Yrs,Victims_Total
Andaman & Nicobar Islands,2001,Female Victims,,,,4,2,,6
Andhra Pradesh,2001,Female Victims,38,15,43,269,175,67,607
Arunachal Pradesh,2001,Female Victims,0,0,0,10,4,2,16
Assam,2001,Female Victims,4,8,23,45,37,11,128
Bihar,2001,Female Victims,0,0,40,191,123,12,366
Chandigarh,2001,Female Victims,0,0,0,1,1,3,5
Chhattisgarh,2001,Female Victims,38,14,38,214,182,63,549
Delhi,2001,Female Victims,12,2,9,74,41,14,152
Goa,2001,Female Victims,,,,4,8,1,13
Gujarat,2001,Female Victims,57,9,8,132,131,26,363
Haryana,2001,Female Victims,12,1,15,67,42,6,143
Himachal Pradesh,2001,Female Victims,1,1,1,11,19,6,39
Jammu & Kashmir,2001,Female Victims,2,13,27,68,53,24,187
Jharkhand,2001,Female Victims,0,0,39,126,102,24,291
Karnataka,2001,Female Victims,38,13,24,250,201,51,577
Kerala,2001,Female Victims,36,5,8,25,58,24,156
Lakshadweep,2001,Female Victims,1,1,0,0,0,0,2
Madhya Pradesh,2001,Female Victims,41,13,37,281,219,31,622
Maharashtra,2001,Female Victims,76,28,41,555,290,78,1068
Manipur,2001,Female Victims,2,,,2,3,1,8
Meghalaya,2001,Female Victims,0,0,0,4,2,0,6
Mizoram,2001,Female Victims,0,0,0,9,3,0,12
Nagaland,2001,Female Victims,0,0,2,0,0,0,2
Odisha,2001,Female Victims,0,0,13,140,81,26,260
Puducherry,2001,Female Victims,,,1,5,4,,10
Punjab,2001,Female Victims,3,1,21,90,77,11,203
Rajasthan,2001,Female Victims,8,4,15,108,81,32,248
Sikkim,2001,Female Victims,,,,1,5,,6
Tamil Nadu,2001,Female Victims,5,8,113,174,191,34,525
Tripura,2001,Female Victims,,,2,3,2,2,9
Uttar Pradesh,2001,Female Victims,10,65,103,626,417,102,1323
Uttarakhand,2001,Female Victims,2,2,1,72,29,4,110
West Bengal,2001,Female Victims,0,0,1,213,132,12,358
Andaman & Nicobar Islands,2002,Female Victims,0,0,1,2,4,0,7
Andhra Pradesh,2002,Female Victims,5,17,3,371,185,81,662
Arunachal Pradesh,2002,Female Victims,,,,3,1,,4
Assam,2002,Female Victims,0,0,0,64,43,4,111
Bihar,2002,Female Victims,3,0,2,242,144,6,397
Chandigarh,2002,Female Victims,1,0,0,3,3,2,9
Chhattisgarh,2002,Female Victims,5,2,2,111,82,26,228
Dadra & Nagar Haveli,2002,Female Victims,0,0,0,0,1,0,1
Daman & Diu,2002,Female Victims,0,0,0,2,0,0,2
Delhi,2002,Female Victims,6,3,2,69,36,14,130
Goa,2002,Female Victims,,,,1,2,4,7
Gujarat,2002,Female Victims,57,25,11,252,182,67,594
Haryana,2002,Female Victims,2,3,1,97,47,6,156
Himachal Pradesh,2002,Female Victims,2,0,2,19,10,1,34
Jammu & Kashmir,2002,Female Victims,0,0,0,71,85,7,163
Jharkhand,2002,Female Victims,1,1,1,140,107,56,306
Karnataka,2002,Female Victims,7,0,3,346,214,25,595
Kerala,2002,Female Victims,44,5,2,31,46,27,155
Madhya Pradesh,2002,Female Victims,2,5,7,258,194,71,537
Maharashtra,2002,Female Victims,75,27,18,475,293,78,966
Manipur,2002,Female Victims,0,0,0,7,6,1,14
Meghalaya,2002,Female Victims,1,0,0,3,20,1,25
Mizoram,2002,Female Victims,0,0,0,8,1,0,9
Nagaland,2002,Female Victims,0,0,0,1,2,0,3
Odisha,2002,Female Victims,3,0,0,201,117,25,346
Puducherry,2002,Female Victims,1,,,1,8,1,11
Punjab,2002,Female Victims,1,2,2,74,57,5,141
Rajasthan,2002,Female Victims,10,1,1,131,102,16,261
Tamil Nadu,2002,Female Victims,18,8,2,259,165,66,518
Tripura,2002,Female Victims,,,0,10,2,,12
Uttar Pradesh,2002,Female Victims,7,57,84,724,508,73,1453
Uttarakhand,2002,Female Victims,,2,2,23,37,3,67
West Bengal,2002,Female Victims,3,0,0,188,72,9,272
Andaman & Nicobar Islands,2003,Female Victims,1,0,0,2,5,1,9
Andhra Pradesh,2003,Female Victims,8,8,12,378,257,74,737
Arunachal Pradesh,2003,Female Victims,0,0,0,0,0,0,0
Assam,2003,Female Victims,0,0,0,68,31,4,103
Bihar,2003,Female Victims,3,0,2,235,147,6,393
Chandigarh,2003,Female Victims,1,1,0,3,0,1,6
Chhattisgarh,2003,Female Victims,9,4,1,84,88,30,216
Dadra & Nagar Haveli,2003,Female Victims,,,,1,1,1,3
Daman & Diu,2003,Female Victims,0,0,0,0,0,0,0
Delhi,2003,Female Victims,8,6,7,44,43,23,131
Goa,2003,Female Victims,,,,5,5,4,14
Gujarat,2003,Female Victims,29,1,3,160,130,33,356
Haryana,2003,Female Victims,1,1,7,93,41,8,151
Himachal Pradesh,2003,Female Victims,0,0,1,12,16,5,34
Jammu & Kashmir,2003,Female Victims,0,0,0,57,42,3,102
Jharkhand,2003,Female Victims,2,1,1,177,185,30,396
Karnataka,2003,Female Victims,50,12,21,249,154,39,525
Kerala,2003,Female Victims,15,3,3,28,55,22,126
Madhya Pradesh,2003,Female Victims,16,4,39,194,151,50,454
Maharashtra,2003,Female Victims,79,22,18,533,274,70,996
Manipur,2003,Female Victims,1,0,0,8,2,0,11
Meghalaya,2003,Female Victims,0,0,2,4,3,1,10
Mizoram,2003,Female Victims,,,,5,4,,9
Nagaland,2003,Female Victims,0,0,0,5,1,0,6
Odisha,2003,Female Victims,3,0,3,178,128,21,333
Puducherry,2003,Female Victims,,1,,3,2,2,8
Punjab,2003,Female Victims,3,2,2,89,61,18,175
Rajasthan,2003,Female Victims,2,3,3,123,106,34,271
Sikkim,2003,Female Victims,1,,,4,1,,6
Tamil Nadu,2003,Female Victims,7,7,25,239,182,83,543
Tripura,2003,Female Victims,,,0,18,5,,23
Uttar Pradesh,2003,Female Victims,8,58,86,427,345,75,999
Uttarakhand,2003,Female Victims,0,0,2,28,30,2,62
West Bengal,2003,Female Victims,2,2,2,186,95,10,297
Andaman & Nicobar Islands,2004,Female Victims,0,0,0,0,5,0,5
Andhra Pradesh,2004,Female Victims,13,10,14,301,254,63,655
Arunachal Pradesh,2004,Female Victims,0,0,0,0,2,0,2
Assam,2004,Female Victims,0,0,0,55,25,4,84
Bihar,2004,Female Victims,2,4,0,269,140,10,425
Chandigarh,2004,Female Victims,2,0,0,3,3,0,8
Chhattisgarh,2004,Female Victims,5,5,7,96,124,32,269
Dadra & Nagar Haveli,2004,Female Victims,2,0,0,0,0,0,2
Daman & Diu,2004,Female Victims,,,,1,,,1
Delhi,2004,Female Victims,14,7,7,51,30,16,125
Goa,2004,Female Victims,,1,,7,4,5,17
Gujarat,2004,Female Victims,53,2,6,157,97,25,340
Haryana,2004,Female Victims,0,0,2,100,51,6,159
Himachal Pradesh,2004,Female Victims,1,0,3,7,10,4,25
Jammu & Kashmir,2004,Female Victims,1,,,58,36,12,107
Jharkhand,2004,Female Victims,2,1,1,179,186,30,399
Karnataka,2004,Female Victims,23,0,2,313,172,51,561
Kerala,2004,Female Victims,16,6,2,26,58,29,137
Madhya Pradesh,2004,Female Victims,1,4,18,262,158,51,494
Maharashtra,2004,Female Victims,69,10,16,523,299,87,1004
Manipur,2004,Female Victims,0,0,0,8,6,1,15
Meghalaya,2004,Female Victims,0,0,1,6,1,0,8
Mizoram,2004,Female Victims,0,0,0,2,1,1,4
Nagaland,2004,Female Victims,0,0,0,8,9,0,17
Odisha,2004,Female Victims,1,3,0,221,114,18,357
Puducherry,2004,Female Victims,,,,1,2,0,3
Punjab,2004,Female Victims,13,4,2,84,74,17,194
Rajasthan,2004,Female Victims,4,2,2,146,99,34,287
Sikkim,2004,Female Victims,2,0,0,2,0,1,5
Tamil Nadu,2004,Female Victims,34,6,0,240,157,56,493
Tripura,2004,Female Victims,0,1,0,27,10,6,44
Uttar Pradesh,2004,Female Victims,56,71,124,613,451,86,1401
Uttarakhand,2004,Female Victims,2,0,0,22,18,5,47
West Bengal,2004,Female Victims,1,1,0,218,191,14,425
Andaman & Nicobar Islands,2005,Female Victims,,,,1,3,,4
Andhra Pradesh,2005,Female Victims,14,7,7,324,302,68,722
Arunachal Pradesh,2005,Female Victims,0,0,0,1,0,0,1
Assam,2005,Female Victims,0,0,0,42,19,4,65
Bihar,2005,Female Victims,9,2,3,310,102,16,442
Chandigarh,2005,Female Victims,1,0,0,1,0,1,3
Chhattisgarh,2005,Female Victims,4,6,5,125,148,35,323
Delhi,2005,Female Victims,7,3,3,87,43,15,158
Goa,2005,Female Victims,3,,,7,3,1,14
Gujarat,2005,Female Victims,29,8,2,125,151,31,346
Haryana,2005,Female Victims,3,1,4,80,40,15,143
Himachal Pradesh,2005,Female Victims,3,0,3,13,16,1,36
Jammu & Kashmir,2005,Female Victims,2,0,0,64,36,0,102
Jharkhand,2005,Female Victims,0,6,44,62,45,16,173
Karnataka,2005,Female Victims,17,2,3,306,206,51,585
Kerala,2005,Female Victims,36,7,,25,49,30,147
Lakshadweep,2005,Female Victims,,,,1,,,1
Madhya Pradesh,2005,Female Victims,10,15,20,248,179,56,528
Maharashtra,2005,Female Victims,77,17,19,488,312,67,980
Manipur,2005,Female Victims,1,1,1,12,4,0,19
Meghalaya,2005,Female Victims,1,0,4,8,4,2,19
Mizoram,2005,Female Victims,0,0,0,2,1,1,4
Nagaland,2005,Female Victims,0,0,0,13,2,2,17
Odisha,2005,Female Victims,1,2,3,162,126,32,326
Puducherry,2005,Female Victims,,,,5,1,3,9
Punjab,2005,Female Victims,4,4,1,87,78,13,187
Rajasthan,2005,Female Victims,14,4,9,124,116,29,296
Sikkim,2005,Female Victims,,,,2,2,,4
Tamil Nadu,2005,Female Victims,32,7,,199,159,65,462
Tripura,2005,Female Victims,1,,0,49,10,4,64
Uttar Pradesh,2005,Female Victims,19,59,63,695,447,71,1354
Uttarakhand,2005,Female Victims,2,0,0,25,25,1,53
West Bengal,2005,Female Victims,0,1,0,269,81,14,365
Andaman & Nicobar Islands,2006,Female Victims,,,,,1,,1
Andhra Pradesh,2006,Female Victims,16,9,11,322,306,80,744
Arunachal Pradesh,2006,Female Victims,0,0,0,0,0,0,0
Assam,2006,Female Victims,0,0,0,43,31,2,76
Bihar,2006,Female Victims,2,1,2,282,118,8,413
Chandigarh,2006,Female Victims,0,0,0,0,1,3,4
Chhattisgarh,2006,Female Victims,4,7,10,159,116,40,336
Dadra & Nagar Haveli,2006,Female Victims,0,0,0,2,1,0,3
Daman & Diu,2006,Female Victims,2,0,0,0,0,0,2
Delhi,2006,Female Victims,12,2,8,75,23,8,128
Goa,2006,Female Victims,,,1,4,2,3,10
Gujarat,2006,Female Victims,34,4,3,150,146,29,366
Haryana,2006,Female Victims,0,1,2,90,55,8,156
Himachal Pradesh,2006,Female Victims,1,1,0,11,13,5,31
Jammu & Kashmir,2006,Female Victims,0,1,5,37,32,1,76
Jharkhand,2006,Female Victims,1,1,38,83,58,33,214
Karnataka,2006,Female Victims,30,3,2,294,195,64,588
Kerala,2006,Female Victims,35,3,2,30,41,27,138
Madhya Pradesh,2006,Female Victims,14,14,22,200,186,74,510
Maharashtra,2006,Female Victims,75,14,27,482,321,76,995
Manipur,2006,Female Victims,0,0,1,5,2,1,9
Meghalaya,2006,Female Victims,1,0,0,7,3,0,11
Mizoram,2006,Female Victims,0,0,0,3,0,0,3
Nagaland,2006,Female Victims,0,0,0,3,3,2,8
Odisha,2006,Female Victims,3,0,2,192,175,12,384
Puducherry,2006,Female Victims,,,,3,5,1,9
Punjab,2006,Female Victims,3,5,4,120,81,24,237
Rajasthan,2006,Female Victims,11,6,6,113,83,30,249
Sikkim,2006,Female Victims,,,,3,3,1,7
Tamil Nadu,2006,Female Victims,33,9,4,206,181,82,515
Tripura,2006,Female Victims,,,,22,8,4,34
Uttar Pradesh,2006,Female Victims,11,63,82,408,306,57,927
Uttarakhand,2006,Female Victims,2,0,1,17,33,2,55
West Bengal,2006,Female Victims,0,0,0,335,95,17,447
Andaman & Nicobar Islands,2007,Female Victims,,,,3,2,1,6
Andhra Pradesh,2007,Female Victims,26,16,10,415,352,67,886
Arunachal Pradesh,2007,Female Victims,0,0,0,3,0,0,3
Assam,2007,Female Victims,0,0,0,51,37,0,88
Bihar,2007,Female Victims,4,0,15,237,120,14,390
Chandigarh,2007,Female Victims,2,0,0,3,0,1,6
Chhattisgarh,2007,Female Victims,3,4,3,100,129,71,310
Dadra & Nagar Haveli,2007,Female Victims,,,,2,2,,4
Daman & Diu,2007,Female Victims,0,0,0,1,0,0,1
Delhi,2007,Female Victims,10,3,5,71,25,13,127
Goa,2007,Female Victims,2,,,6,4,4,16
Gujarat,2007,Female Victims,33,5,5,117,126,28,314
Haryana,2007,Female Victims,14,8,9,84,45,7,167
Himachal Pradesh,2007,Female Victims,2,1,1,15,14,2,35
Jammu & Kashmir,2007,Female Victims,0,0,0,26,12,2,40
Jharkhand,2007,Female Victims,2,1,5,87,115,27,237
Karnataka,2007,Female Victims,17,4,6,289,148,41,505
Kerala,2007,Female Victims,22,1,4,34,52,28,141
Madhya Pradesh,2007,Female Victims,33,7,11,253,183,64,551
Maharashtra,2007,Female Victims,73,15,19,521,297,89,1014
Manipur,2007,Female Victims,0,0,2,8,8,2,20
Meghalaya,2007,Female Victims,2,0,0,3,2,0,7
Mizoram,2007,Female Victims,0,1,1,11,5,0,18
Nagaland,2007,Female Victims,1,0,1,9,3,0,14
Odisha,2007,Female Victims,2,2,4,242,116,6,372
Puducherry,2007,Female Victims,1,,,4,3,2,10
Punjab,2007,Female Victims,3,5,4,120,75,18,225
Rajasthan,2007,Female Victims,10,12,6,143,123,25,319
Sikkim,2007,Female Victims,,1,,2,,,3
Tamil Nadu,2007,Female Victims,31,8,3,261,215,86,604
Tripura,2007,Female Victims,3,,2,19,18,8,50
Uttar Pradesh,2007,Female Victims,24,63,74,382,288,68,899
Uttarakhand,2007,Female Victims,2,3,,53,12,7,77
West Bengal,2007,Female Victims,7,0,3,441,175,21,647
Andaman & Nicobar Islands,2008,Female Victims,,2,,,,,2
Andhra Pradesh,2008,Female Victims,25,7,9,411,296,82,830
Arunachal Pradesh,2008,Female Victims,0,0,0,0,1,0,1
Assam,2008,Female Victims,0,0,0,61,42,0,103
Bihar,2008,Female Victims,12,8,12,436,151,18,637
Chandigarh,2008,Female Victims,0,0,0,3,2,1,6
Chhattisgarh,2008,Female Victims,10,7,27,129,150,40,363
Dadra & Nagar Haveli,2008,Female Victims,,1,,,2,1,4
Daman & Diu,2008,Female Victims,,,,0,,,0
Delhi,2008,Female Victims,4,1,2,63,39,7,116
Goa,2008,Female Victims,2,1,0,8,4,5,20
Gujarat,2008,Female Victims,24,3,2,137,145,29,340
Haryana,2008,Female Victims,3,5,5,97,63,12,185
Himachal Pradesh,2008,Female Victims,1,2,3,10,16,4,36
Jammu & Kashmir,2008,Female Victims,0,0,0,13,15,2,30
Jharkhand,2008,Female Victims,2,0,1,115,123,25,266
Karnataka,2008,Female Victims,49,17,14,272,229,43,624
Kerala,2008,Female Victims,25,5,,24,51,23,128
Lakshadweep,2008,Female Victims,,,,,1,,1
Madhya Pradesh,2008,Female Victims,11,13,6,235,187,64,516
Maharashtra,2008,Female Victims,62,11,21,541,341,73,1049
Manipur,2008,Female Victims,2,0,0,9,8,0,19
Meghalaya,2008,Female Victims,0,0,0,11,4,0,15
Mizoram,2008,Female Victims,0,0,0,1,1,0,2
Nagaland,2008,Female Victims,0,0,0,5,1,0,6
Odisha,2008,Female Victims,2,2,0,257,237,47,545
Puducherry,2008,Female Victims,,,,5,1,2,8
Punjab,2008,Female Victims,3,5,7,120,67,17,219
Rajasthan,2008,Female Victims,8,6,12,129,102,30,287
Sikkim,2008,Female Victims,,,,3,,,3
Tamil Nadu,2008,Female Victims,45,3,4,233,246,93,624
Tripura,2008,Female Victims,3,2,1,36,17,4,63
Uttar Pradesh,2008,Female Victims,30,55,73,360,257,65,840
Uttarakhand,2008,Female Victims,,,,29,16,3,48
West Bengal,2008,Female Victims,1,0,5,175,53,16,250
Andaman & Nicobar Islands,2009,Female Victims,1,,,3,4,,8
Andhra Pradesh,2009,Female Victims,18,6,7,379,299,91,800
Arunachal Pradesh,2009,Female Victims,0,0,0,1,0,0,1
Assam,2009,Female Victims,0,0,0,62,35,0,97
Bihar,2009,Female Victims,9,5,27,439,174,18,672
Chandigarh,2009,Female Victims,0,0,0,1,2,0,3
Chhattisgarh,2009,Female Victims,15,2,7,124,134,44,326
Dadra & Nagar Haveli,2009,Female Victims,,,,3,3,,6
Daman & Diu,2009,Female Victims,,,,1,,,1
Delhi,2009,Female Victims,13,4,2,48,41,18,126
Goa,2009,Female Victims,1,0,1,14,12,3,31
Gujarat,2009,Female Victims,34,6,2,120,129,34,325
Haryana,2009,Female Victims,0,2,2,96,106,15,221
Himachal Pradesh,2009,Female Victims,4,1,1,10,14,9,39
Jammu & Kashmir,2009,Female Victims,0,0,0,26,16,4,46
Jharkhand,2009,Female Victims,1,1,0,119,72,8,201
Karnataka,2009,Female Victims,16,9,7,335,246,66,679
Kerala,2009,Female Victims,17,4,5,20,45,18,109
Madhya Pradesh,2009,Female Victims,18,11,11,277,231,77,625
Maharashtra,2009,Female Victims,79,15,18,490,294,104,1000
Manipur,2009,Female Victims,2,1,1,5,7,2,18
Meghalaya,2009,Female Victims,0,0,3,16,2,1,22
Mizoram,2009,Female Victims,0,0,0,3,,0,3
Nagaland,2009,Female Victims,0,0,0,9,0,0,9
Odisha,2009,Female Victims,3,1,0,215,201,40,460
Puducherry,2009,Female Victims,1,,,3,5,1,10
Punjab,2009,Female Victims,15,6,8,92,68,14,203
Rajasthan,2009,Female Victims,13,8,8,150,114,35,328
Sikkim,2009,Female Victims,1,,,3,2,,6
Tamil Nadu,2009,Female Victims,45,6,5,214,224,93,587
Tripura,2009,Female Victims,4,3,3,22,21,4,57
Uttar Pradesh,2009,Female Victims,38,56,71,443,266,81,955
Uttarakhand,2009,Female Victims,1,1,,38,10,1,51
West Bengal,2009,Female Victims,2,5,4,409,248,25,693
Andaman & Nicobar Islands,2010,Female Victims,,,2,,3,,5
Andhra Pradesh,2010,Female Victims,15,12,6,235,213,143,624
Arunachal Pradesh,2010,Female Victims,0,0,0,2,0,0,2
Assam,2010,Female Victims,,,,51,35,,86
Bihar,2010,Female Victims,10,14,50,370,187,31,662
Chandigarh,2010,Female Victims,0,0,0,1,0,1,2
Chhattisgarh,2010,Female Victims,13,5,19,127,153,40,357
Dadra & Nagar Haveli,2010,Female Victims,,,,1,,,1
Delhi,2010,Female Victims,4,3,4,55,39,14,119
Goa,2010,Female Victims,0,0,1,5,1,0,7
Gujarat,2010,Female Victims,19,4,0,131,93,21,268
Haryana,2010,Female Victims,2,4,6,99,88,14,213
Himachal Pradesh,2010,Female Victims,3,0,0,11,12,2,28
Jammu & Kashmir,2010,Female Victims,1,0,0,15,11,3,30
Jharkhand,2010,Female Victims,0,0,1,141,102,12,256
Karnataka,2010,Female Victims,27,3,5,377,262,57,731
Kerala,2010,Female Victims,16,6,0,24,53,27,126
Madhya Pradesh,2010,Female Victims,21,13,9,246,202,60,551
Maharashtra,2010,Female Victims,78,16,14,552,303,84,1047
Manipur,2010,Female Victims,0,0,0,5,13,1,19
Meghalaya,2010,Female Victims,1,0,0,5,3,2,11
Mizoram,2010,Female Victims,0,0,1,0,6,1,8
Nagaland,2010,Female Victims,0,0,0,1,1,3,5
Odisha,2010,Female Victims,5,0,1,262,236,32,536
Puducherry,2010,Female Victims,,,,3,1,,4
Punjab,2010,Female Victims,11,6,6,107,91,21,242
Rajasthan,2010,Female Victims,14,8,9,130,113,32,306
Sikkim,2010,Female Victims,1,1,,3,3,,8
Tamil Nadu,2010,Female Victims,38,5,9,236,241,100,629
Tripura,2010,Female Victims,,1,0,24,30,8,63
Uttar Pradesh,2010,Female Victims,62,30,47,421,243,56,859
Uttarakhand,2010,Female Victims,,,2,25,11,6,44
West Bengal,2010,Female Victims,2,3,2,542,308,36,893
Andaman & Nicobar Islands,2001,Male Victims,,1,,3,3,,7
Andhra Pradesh,2001,Male Victims,35,59,88,827,952,215,2176
Arunachal Pradesh,2001,Male Victims,0,0,0,31,32,4,67
Assam,2001,Male Victims,17,30,169,577,368,67,1228
Bihar,2001,Male Victims,2,2,156,1484,1406,227,3277
Chandigarh,2001,Male Victims,0,0,0,4,5,1,10
Chhattisgarh,2001,Male Victims,30,12,30,341,553,142,1108
Dadra & Nagar Haveli,2001,Male Victims,,,,1,2,,3
Delhi,2001,Male Victims,13,10,12,231,128,28,422
Goa,2001,Male Victims,1,,,11,10,2,24
Gujarat,2001,Male Victims,50,11,18,335,416,87,917
Haryana,2001,Male Victims,24,11,47,291,264,38,675
Himachal Pradesh,2001,Male Victims,3,0,1,29,42,8,83
Jammu & Kashmir,2001,Male Victims,8,37,160,385,468,167,1225
Jharkhand,2001,Male Victims,4,3,121,470,482,136,1216
Karnataka,2001,Male Victims,42,9,36,450,434,130,1101
Kerala,2001,Male Victims,27,8,9,88,146,55,333
Madhya Pradesh,2001,Male Victims,32,25,129,693,854,70,1803
Maharashtra,2001,Male Victims,113,28,39,740,743,219,1882
Manipur,2001,Male Victims,,,8,137,70,10,225
Meghalaya,2001,Male Victims,0,0,0,112,50,1,163
Mizoram,2001,Male Victims,0,0,3,8,6,2,19
Nagaland,2001,Male Victims,0,1,3,64,36,3,107
Odisha,2001,Male Victims,0,2,43,350,304,46,745
Puducherry,2001,Male Victims,,,,5,7,3,15
Punjab,2001,Male Victims,7,9,35,268,222,43,584
Rajasthan,2001,Male Victims,10,14,32,389,481,101,1027
Sikkim,2001,Male Victims,1,,,7,3,2,13
Tamil Nadu,2001,Male Victims,3,8,136,391,463,136,1137
Tripura,2001,Male Victims,,6,15,90,100,20,231
Uttar Pradesh,2001,Male Victims,29,93,189,3098,2726,722,6857
Uttarakhand,2001,Male Victims,2,3,3,52,184,27,271
West Bengal,2001,Male Victims,1,2,2,676,552,82,1315
Andaman & Nicobar Islands,2002,Male Victims,0,0,0,4,4,2,10
Andhra Pradesh,2002,Male Victims,7,3,10,949,826,194,1989
Arunachal Pradesh,2002,Male Victims,,,0,31,26,,57
Assam,2002,Male Victims,2,0,0,763,356,21,1142
Bihar,2002,Male Victims,4,3,3,1874,1395,155,3434
Chandigarh,2002,Male Victims,2,0,0,9,10,1,22
Chhattisgarh,2002,Male Victims,19,5,2,153,357,80,616
Dadra & Nagar Haveli,2002,Male Victims,0,0,0,2,7,1,10
Daman & Diu,2002,Male Victims,0,0,0,3,3,0,6
Delhi,2002,Male Victims,8,8,8,243,118,26,411
Goa,2002,Male Victims,1,,1,9,7,6,24
Gujarat,2002,Male Victims,72,16,31,723,702,189,1733
Haryana,2002,Male Victims,4,8,4,336,271,32,655
Himachal Pradesh,2002,Male Victims,3,1,2,36,43,13,98
Jammu & Kashmir,2002,Male Victims,0,0,2,493,562,87,1144
Jharkhand,2002,Male Victims,2,1,2,495,444,238,1182
Karnataka,2002,Male Victims,11,3,4,480,480,131,1109
Kerala,2002,Male Victims,20,4,5,87,133,50,299
Madhya Pradesh,2002,Male Victims,6,7,67,891,743,144,1858
Maharashtra,2002,Male Victims,81,27,27,716,899,275,2025
Manipur,2002,Male Victims,,0,0,123,80,5,208
Meghalaya,2002,Male Victims,0,0,2,76,78,3,159
Mizoram,2002,Male Victims,0,0,0,15,3,2,20
Nagaland,2002,Male Victims,0,2,7,71,24,1,105
Odisha,2002,Male Victims,2,2,0,378,372,48,802
Puducherry,2002,Male Victims,1,,,6,12,1,20
Punjab,2002,Male Victims,3,3,2,245,334,44,631
Rajasthan,2002,Male Victims,5,1,2,432,531,92,1063
Sikkim,2002,Male Victims,,,2,4,7,,13
Tamil Nadu,2002,Male Victims,11,4,2,512,543,197,1269
Tripura,2002,Male Victims,,,0,95,72,22,189
Uttar Pradesh,2002,Male Victims,29,134,227,2824,2378,493,6085
Uttarakhand,2002,Male Victims,,2,1,77,169,19,268
West Bengal,2002,Male Victims,0,0,0,664,465,52,1181
Andaman & Nicobar Islands,2003,Male Victims,0,0,0,6,5,1,12
Andhra Pradesh,2003,Male Victims,17,31,43,992,887,207,2177
Arunachal Pradesh,2003,Male Victims,0,0,0,64,13,0,77
Assam,2003,Male Victims,2,0,0,571,460,55,1088
Bihar,2003,Male Victims,2,2,3,1637,1536,199,3379
Chandigarh,2003,Male Victims,0,1,0,5,9,0,15
Chhattisgarh,2003,Male Victims,16,8,2,228,262,65,581
Dadra & Nagar Haveli,2003,Male Victims,,,,3,4,1,8
Daman & Diu,2003,Male Victims,0,0,0,0,3,3,6
Delhi,2003,Male Victims,11,10,12,210,103,25,371
Goa,2003,Male Victims,,,,6,12,2,20
Gujarat,2003,Male Victims,32,5,13,297,379,82,808
Haryana,2003,Male Victims,2,1,12,308,243,31,597
Himachal Pradesh,2003,Male Victims,5,2,1,31,53,4,96
Jammu & Kashmir,2003,Male Victims,0,0,0,375,559,79,1013
Jharkhand,2003,Male Victims,5,2,1,506,487,85,1086
Karnataka,2003,Male Victims,41,11,50,399,439,111,1051
Kerala,2003,Male Victims,7,1,2,92,151,56,309
Madhya Pradesh,2003,Male Victims,25,21,60,790,773,104,1773
Maharashtra,2003,Male Victims,63,22,23,717,826,304,1955
Manipur,2003,Male Victims,0,0,0,109,56,9,174
Meghalaya,2003,Male Victims,1,0,11,60,90,3,165
Mizoram,2003,Male Victims,1,0,4,11,20,1,37
Nagaland,2003,Male Victims,0,0,0,65,20,0,85
Odisha,2003,Male Victims,5,4,10,363,322,65,769
Puducherry,2003,Male Victims,1,,,8,10,3,22
Punjab,2003,Male Victims,9,3,6,249,271,56,594
Rajasthan,2003,Male Victims,11,4,3,437,456,102,1013
Sikkim,2003,Male Victims,,,1,5,2,2,10
Tamil Nadu,2003,Male Victims,4,4,15,357,534,197,1111
Tripura,2003,Male Victims,,,0,117,84,30,231
Uttar Pradesh,2003,Male Victims,27,87,206,2011,1542,412,4285
Uttarakhand,2003,Male Victims,0,0,1,87,127,16,231
West Bengal,2003,Male Victims,1,0,2,606,506,52,1167
Andaman & Nicobar Islands,2004,Male Victims,1,0,0,2,5,2,10
Andhra Pradesh,2004,Male Victims,22,15,15,856,855,222,1985
Arunachal Pradesh,2004,Male Victims,0,0,0,36,26,3,65
Assam,2004,Male Victims,1,0,0,636,425,68,1130
Bihar,2004,Male Victims,2,9,4,1906,1424,178,3523
Chandigarh,2004,Male Victims,0,0,1,5,6,2,14
Chhattisgarh,2004,Male Victims,15,6,23,235,288,91,658
Dadra & Nagar Haveli,2004,Male Victims,0,0,1,3,4,1,9
Daman & Diu,2004,Male Victims,,,,1,1,,2
Delhi,2004,Male Victims,20,14,15,170,134,32,385
Goa,2004,Male Victims,1,,,8,13,3,25
Gujarat,2004,Male Victims,31,5,6,315,393,79,829
Haryana,2004,Male Victims,0,1,20,278,244,40,583
Himachal Pradesh,2004,Male Victims,2,3,0,30,34,16,85
Jammu & Kashmir,2004,Male Victims,,,,438,374,70,882
Jharkhand,2004,Male Victims,5,2,1,507,489,85,1089
Karnataka,2004,Male Victims,24,3,2,432,433,112,1006
Kerala,2004,Male Victims,24,2,3,68,131,62,290
Madhya Pradesh,2004,Male Victims,7,18,96,826,715,224,1886
Maharashtra,2004,Male Victims,56,18,36,653,806,204,1773
Manipur,2004,Male Victims,0,0,0,117,52,9,178
Meghalaya,2004,Male Victims,0,0,0,97,51,1,149
Mizoram,2004,Male Victims,0,0,0,13,13,5,31
Nagaland,2004,Male Victims,0,0,0,28,28,0,56
Odisha,2004,Male Victims,1,1,3,389,341,45,780
Puducherry,2004,Male Victims,1,,,11,8,2,22
Punjab,2004,Male Victims,10,4,9,250,275,60,608
Rajasthan,2004,Male Victims,4,4,5,422,443,127,1005
Sikkim,2004,Male Victims,1,0,0,2,8,2,13
Tamil Nadu,2004,Male Victims,32,7,4,372,447,189,1051
Tripura,2004,Male Victims,0,2,2,97,65,16,182
Uttar Pradesh,2004,Male Victims,60,147,223,2224,2146,464,5264
Uttarakhand,2004,Male Victims,2,0,0,108,90,20,220
West Bengal,2004,Male Victims,0,0,0,518,439,51,1008
Andaman & Nicobar Islands,2005,Male Victims,1,,,4,5,1,11
Andhra Pradesh,2005,Male Victims,24,14,21,953,949,245,2206
Arunachal Pradesh,2005,Male Victims,0,0,0,58,20,2,80
Assam,2005,Male Victims,0,4,9,672,372,72,1129
Bihar,2005,Male Victims,5,8,10,1850,983,173,3029
Chandigarh,2005,Male Victims,2,0,0,6,7,0,15
Chhattisgarh,2005,Male Victims,7,8,7,280,337,88,727
Dadra & Nagar Haveli,2005,Male Victims,1,,1,2,1,2,7
Daman & Diu,2005,Male Victims,,1,,4,,,5
Delhi,2005,Male Victims,10,9,4,197,130,25,375
Goa,2005,Male Victims,,1,,7,23,4,35
Gujarat,2005,Male Victims,41,9,10,293,320,84,757
Haryana,2005,Male Victims,6,7,17,286,286,67,669
Himachal Pradesh,2005,Male Victims,3,0,1,27,37,14,82
Jammu & Kashmir,2005,Male Victims,2,0,0,361,236,45,644
Jharkhand,2005,Male Victims,5,23,69,390,749,114,1350
Karnataka,2005,Male Victims,22,0,3,473,459,131,1088
Kerala,2005,Male Victims,18,4,4,62,134,62,284
Madhya Pradesh,2005,Male Victims,25,20,60,771,795,229,1900
Maharashtra,2005,Male Victims,77,26,26,634,777,225,1765
Manipur,2005,Male Victims,0,0,0,174,96,6,276
Meghalaya,2005,Male Victims,2,1,3,49,60,4,119
Mizoram,2005,Male Victims,0,0,0,13,13,5,31
Nagaland,2005,Male Victims,0,0,0,35,36,3,74
Odisha,2005,Male Victims,2,1,1,373,375,55,807
Puducherry,2005,Male Victims,,,,3,7,,10
Punjab,2005,Male Victims,7,5,5,244,241,55,557
Rajasthan,2005,Male Victims,7,7,16,399,426,95,950
Sikkim,2005,Male Victims,,1,,1,2,1,5
Tamil Nadu,2005,Male Victims,22,3,3,353,485,183,1049
Tripura,2005,Male Victims,,,0,42,42,10,94
Uttar Pradesh,2005,Male Victims,25,65,159,2425,1854,483,5011
Uttarakhand,2005,Male Victims,2,2,0,102,103,28,237
West Bengal,2005,Male Victims,0,1,0,673,355,60,1089
Andaman & Nicobar Islands,2006,Male Victims,,,,1,1,2,4
Andhra Pradesh,2006,Male Victims,12,11,4,1045,812,312,2196
Arunachal Pradesh,2006,Male Victims,0,0,0,40,20,0,60
Assam,2006,Male Victims,0,4,7,648,391,81,1131
Bihar,2006,Male Victims,1,1,5,1651,1075,103,2836
Chandigarh,2006,Male Victims,1,0,0,2,5,2,10
Chhattisgarh,2006,Male Victims,8,5,14,268,366,101,762
Dadra & Nagar Haveli,2006,Male Victims,1,0,0,1,3,1,6
Daman & Diu,2006,Male Victims,0,0,0,3,2,0,5
Delhi,2006,Male Victims,18,10,16,208,88,20,360
Goa,2006,Male Victims,,,1,8,13,8,30
Gujarat,2006,Male Victims,46,13,10,347,365,67,848
Haryana,2006,Male Victims,0,8,19,314,354,48,743
Himachal Pradesh,2006,Male Victims,3,0,0,37,51,7,98
Jammu & Kashmir,2006,Male Victims,2,0,2,287,258,16,565
Jharkhand,2006,Male Victims,11,17,71,474,480,225,1278
Karnataka,2006,Male Victims,28,10,6,463,482,100,1089
Kerala,2006,Male Victims,30,1,1,72,133,51,288
Madhya Pradesh,2006,Male Victims,34,22,54,700,722,288,1820
Maharashtra,2006,Male Victims,84,24,27,726,814,291,1966
Manipur,2006,Male Victims,0,2,4,122,85,16,229
Meghalaya,2006,Male Victims,1,0,5,75,62,3,146
Mizoram,2006,Male Victims,0,0,0,17,5,0,22
Nagaland,2006,Male Victims,4,1,4,74,32,0,115
Odisha,2006,Male Victims,0,4,9,368,360,42,783
Puducherry,2006,Male Victims,,,1,9,9,2,21
Punjab,2006,Male Victims,7,1,6,266,247,87,614
Rajasthan,2006,Male Victims,19,16,19,392,428,115,989
Sikkim,2006,Male Victims,,,4,2,5,3,14
Tamil Nadu,2006,Male Victims,15,7,2,286,439,154,903
Tripura,2006,Male Victims,1,2,,49,65,14,131
Uttar Pradesh,2006,Male Victims,23,98,149,2405,1707,453,4835
Uttarakhand,2006,Male Victims,0,2,5,79,134,10,230
West Bengal,2006,Male Victims,1,0,2,546,394,52,995
Andaman & Nicobar Islands,2007,Male Victims,,,,3,4,2,9
Andhra Pradesh,2007,Male Victims,19,8,29,874,828,206,1964
Arunachal Pradesh,2007,Male Victims,0,0,0,41,23,1,65
Assam,2007,Male Victims,0,1,1,766,421,97,1286
Bihar,2007,Male Victims,12,23,41,1451,1012,152,2691
Chandigarh,2007,Male Victims,0,0,0,7,7,0,14
Chhattisgarh,2007,Male Victims,10,11,14,281,315,156,787
Dadra & Nagar Haveli,2007,Male Victims,1,,,1,4,,6
Daman & Diu,2007,Male Victims,1,1,0,3,2,4,11
Delhi,2007,Male Victims,14,5,20,205,112,28,384
Goa,2007,Male Victims,,,,3,11,4,18
Gujarat,2007,Male Victims,38,10,13,289,451,99,900
Haryana,2007,Male Victims,19,20,29,332,322,53,775
Himachal Pradesh,2007,Male Victims,3,2,1,31,46,14,97
Jammu & Kashmir,2007,Male Victims,0,0,0,170,140,16,326
Jharkhand,2007,Male Victims,0,12,5,550,711,102,1380
Karnataka,2007,Male Victims,15,5,6,381,541,133,1081
Kerala,2007,Male Victims,17,8,1,54,115,57,252
Madhya Pradesh,2007,Male Victims,48,27,34,697,741,217,1764
Maharashtra,2007,Male Victims,92,24,27,654,723,259,1779
Manipur,2007,Male Victims,1,1,4,140,121,8,275
Meghalaya,2007,Male Victims,0,3,7,36,52,9,107
Mizoram,2007,Male Victims,0,0,1,15,7,2,25
Nagaland,2007,Male Victims,0,0,1,42,58,3,104
Odisha,2007,Male Victims,4,10,11,395,405,38,863
Puducherry,2007,Male Victims,1,,1,17,5,1,25
Punjab,2007,Male Victims,7,8,6,266,247,67,601
Rajasthan,2007,Male Victims,18,17,26,393,483,103,1040
Sikkim,2007,Male Victims,,,,3,2,1,6
Tamil Nadu,2007,Male Victims,18,6,2,346,507,228,1107
Tripura,2007,Male Victims,,4,2,33,44,17,100
Uttar Pradesh,2007,Male Victims,37,97,102,2050,1619,378,4283
Uttarakhand,2007,Male Victims,3,1,5,111,53,18,191
West Bengal,2007,Male Victims,1,2,2,527,417,57,1006
Andaman & Nicobar Islands,2008,Male Victims,,,,2,2,2,6
Andhra Pradesh,2008,Male Victims,11,14,55,855,776,221,1932
Arunachal Pradesh,2008,Male Victims,0,0,0,40,29,2,71
Assam,2008,Male Victims,0,1,0,790,477,55,1323
Bihar,2008,Male Victims,25,11,48,1401,921,96,2502
Chandigarh,2008,Male Victims,0,0,0,7,3,1,11
Chhattisgarh,2008,Male Victims,13,12,29,282,358,112,806
Dadra & Nagar Haveli,2008,Male Victims,,,,,3,2,5
Daman & Diu,2008,Male Victims,0,0,,0,2,0,2
Delhi,2008,Male Victims,21,8,15,139,254,36,473
Goa,2008,Male Victims,,,,10,17,6,33
Gujarat,2008,Male Victims,23,6,8,312,378,78,805
Haryana,2008,Male Victims,4,6,8,307,360,100,785
Himachal Pradesh,2008,Male Victims,3,1,4,27,49,10,94
Jammu & Kashmir,2008,Male Victims,0,0,0,94,126,16,236
Jharkhand,2008,Male Victims,2,0,6,726,624,73,1431
Karnataka,2008,Male Victims,58,11,18,428,532,129,1176
Kerala,2008,Male Victims,14,5,,62,116,54,251
Madhya Pradesh,2008,Male Victims,11,55,11,695,815,248,1835
Maharashtra,2008,Male Victims,54,32,20,700,859,262,1927
Manipur,2008,Male Victims,3,4,3,132,95,12,249
Meghalaya,2008,Male Victims,0,0,0,54,48,9,111
Mizoram,2008,Male Victims,0,0,0,23,10,0,33
Nagaland,2008,Male Victims,0,0,0,81,57,3,141
Odisha,2008,Male Victims,4,2,3,276,369,51,705
Puducherry,2008,Male Victims,1,,,12,11,3,27
Punjab,2008,Male Victims,7,4,6,266,247,66,596
Rajasthan,2008,Male Victims,13,18,36,398,467,101,1033
Sikkim,2008,Male Victims,,,2,1,3,,6
Tamil Nadu,2008,Male Victims,43,5,0,364,554,234,1200
Tripura,2008,Male Victims,4,7,3,21,55,13,103
Uttar Pradesh,2008,Male Victims,30,69,119,1927,1383,331,3859
Uttarakhand,2008,Male Victims,1,,2,139,46,25,213
West Bengal,2008,Male Victims,1,5,9,735,662,149,1561
Andaman & Nicobar Islands,2009,Male Victims,2,,,3,5,,10
Andhra Pradesh,2009,Male Victims,12,12,22,668,777,184,1675
Arunachal Pradesh,2009,Male Victims,0,0,0,30,28,0,58
Assam,2009,Male Victims,0,0,4,784,398,40,1226
Bihar,2009,Male Victims,13,21,51,1419,878,125,2507
Chandigarh,2009,Male Victims,1,0,0,11,6,1,19
Chhattisgarh,2009,Male Victims,24,9,27,231,349,117,757
Dadra & Nagar Haveli,2009,Male Victims,1,,,1,1,1,4
Daman & Diu,2009,Male Victims,,,,1,3,,4
Delhi,2009,Male Victims,17,17,28,243,117,23,445
Goa,2009,Male Victims,2,0,0,8,13,3,26
Gujarat,2009,Male Victims,24,9,4,266,375,56,734
Haryana,2009,Male Victims,2,4,9,331,357,83,786
Himachal Pradesh,2009,Male Victims,0,1,2,31,46,14,94
Jammu & Kashmir,2009,Male Victims,1,0,3,98,104,10,216
Jharkhand,2009,Male Victims,3,1,5,609,736,81,1435
Karnataka,2009,Male Victims,12,14,5,363,558,121,1073
Kerala,2009,Male Victims,25,7,1,60,109,58,260
Madhya Pradesh,2009,Male Victims,42,20,25,672,761,257,1777
Maharashtra,2009,Male Victims,63,11,20,681,721,216,1712
Manipur,2009,Male Victims,2,1,3,56,78,16,156
Meghalaya,2009,Male Victims,0,2,3,69,25,7,106
Mizoram,2009,Male Victims,,,,8,20,,28
Nagaland,2009,Male Victims,0,0,0,21,18,1,40
Odisha,2009,Male Victims,1,0,8,336,343,118,806
Puducherry,2009,Male Victims,,,,13,14,2,29
Punjab,2009,Male Victims,18,15,20,251,312,42,658
Rajasthan,2009,Male Victims,16,16,36,424,473,124,1089
Sikkim,2009,Male Victims,2,,,7,4,1,14
Tamil Nadu,2009,Male Victims,36,8,5,364,611,246,1270
Tripura,2009,Male Victims,6,2,0,34,42,7,91
Uttar Pradesh,2009,Male Victims,33,89,85,1816,1347,354,3724
Uttarakhand,2009,Male Victims,1,1,1,72,56,13,144
West Bengal,2009,Male Victims,3,3,6,708,660,88,1468
Andaman & Nicobar Islands,2010,Male Victims,,,,2,3,,5
Andhra Pradesh,2010,Male Victims,7,16,13,962,591,325,1914
Arunachal Pradesh,2010,Male Victims,0,0,0,53,20,0,73
Assam,2010,Male Victims,,,10,712,369,46,1137
Bihar,2010,Male Victims,16,30,82,1491,887,194,2700
Chandigarh,2010,Male Victims,1,0,0,5,11,3,20
Chhattisgarh,2010,Male Victims,19,8,31,231,314,105,708
Dadra & Nagar Haveli,2010,Male Victims,,,,,5,,5
Daman & Diu,2010,Male Victims,0,0,0,4,1,0,5
Delhi,2010,Male Victims,6,8,14,238,167,25,458
Goa,2010,Male Victims,0,0,0,9,17,2,28
Gujarat,2010,Male Victims,27,14,7,312,365,89,814
Haryana,2010,Male Victims,4,6,8,367,381,65,831
Himachal Pradesh,2010,Male Victims,2,0,3,31,52,17,105
Jammu & Kashmir,2010,Male Victims,0,0,0,91,95,19,205
Jharkhand,2010,Male Victims,4,2,1,895,529,65,1496
Karnataka,2010,Male Victims,18,3,4,481,511,130,1147
Kerala,2010,Male Victims,23,3,1,60,137,55,279
Madhya Pradesh,2010,Male Victims,34,27,40,732,813,244,1890
Maharashtra,2010,Male Victims,91,18,20,670,753,238,1790
Manipur,2010,Male Victims,0,2,0,26,46,8,82
Meghalaya,2010,Male Victims,0,0,1,64,53,8,126
Mizoram,2010,Male Victims,0,0,1,8,23,8,40
Nagaland,2010,Male Victims,0,0,0,19,16,7,42
Odisha,2010,Male Victims,5,0,1,304,401,72,783
Puducherry,2010,Male Victims,,,,10,12,8,30
Punjab,2010,Male Victims,10,3,12,277,336,65,703
Rajasthan,2010,Male Victims,15,14,33,437,513,103,1115
Sikkim,2010,Male Victims,1,,,1,4,3,9
Tamil Nadu,2010,Male Victims,25,8,7,414,598,227,1279
Tripura,2010,Male Victims,0,1,0,36,43,16,96
Uttar Pradesh,2010,Male Victims,76,52,79,1937,1165,288,3597
Uttarakhand,2010,Male Victims,,1,,66,52,13,132
West Bengal,2010,Male Victims,0,5,4,635,794,84,1522
Andaman & Nicobar Islands,2001,Total Victims,,1,,7,5,,13
Andhra Pradesh,2001,Total Victims,73,74,131,1096,1127,282,2783
Arunachal Pradesh,2001,Total Victims,0,0,0,41,36,6,83
Assam,2001,Total Victims,21,38,192,622,405,78,1356
Bihar,2001,Total Victims,2,2,196,1675,1529,239,3643
Chandigarh,2001,Total Victims,0,0,0,5,6,4,15
Chhattisgarh,2001,Total Victims,68,26,68,555,735,205,1657
Dadra & Nagar Haveli,2001,Total Victims,,,,1,2,,3
Delhi,2001,Total Victims,25,12,21,305,169,42,574
Goa,2001,Total Victims,1,,,15,18,3,37
Gujarat,2001,Total Victims,107,20,26,467,547,113,1280
Haryana,2001,Total Victims,36,12,62,358,306,44,818
Himachal Pradesh,2001,Total Victims,4,1,2,40,61,14,122
Jammu & Kashmir,2001,Total Victims,10,50,187,453,521,191,1412
Jharkhand,2001,Total Victims,4,3,160,596,584,160,1507
Karnataka,2001,Total Victims,80,22,60,700,635,181,1678
Kerala,2001,Total Victims,63,13,17,113,204,79,489
Lakshadweep,2001,Total Victims,1,1,0,0,0,0,2
Madhya Pradesh,2001,Total Victims,73,38,166,974,1073,101,2425
Maharashtra,2001,Total Victims,189,56,80,1295,1033,297,2950
Manipur,2001,Total Victims,2,,8,139,73,11,233
Meghalaya,2001,Total Victims,0,0,0,116,52,1,169
Mizoram,2001,Total Victims,0,0,3,17,9,2,31
Nagaland,2001,Total Victims,0,1,5,64,36,3,109
Odisha,2001,Total Victims,0,2,56,490,385,72,1005
Puducherry,2001,Total Victims,,,1,10,11,3,25
Punjab,2001,Total Victims,10,10,56,358,299,54,787
Rajasthan,2001,Total Victims,18,18,47,497,562,133,1275
Sikkim,2001,Total Victims,1,,,8,8,2,19
Tamil Nadu,2001,Total Victims,8,16,249,565,654,170,1662
Tripura,2001,Total Victims,,6,17,93,102,22,240
Uttar Pradesh,2001,Total Victims,39,158,292,3724,3143,824,8180
Uttarakhand,2001,Total Victims,4,5,4,124,213,31,381
West Bengal,2001,Total Victims,1,2,3,889,684,94,1673
Andaman & Nicobar Islands,2002,Total Victims,0,0,1,6,8,2,17
Andhra Pradesh,2002,Total Victims,12,20,13,1320,1011,275,2651
Arunachal Pradesh,2002,Total Victims,,,0,34,27,,61
Assam,2002,Total Victims,2,0,0,827,399,25,1253
Bihar,2002,Total Victims,7,3,5,2116,1539,161,3831
Chandigarh,2002,Total Victims,3,0,0,12,13,3,31
Chhattisgarh,2002,Total Victims,24,7,4,264,439,106,844
Dadra & Nagar Haveli,2002,Total Victims,0,0,0,2,8,1,11
Daman & Diu,2002,Total Victims,0,0,0,5,3,0,8
Delhi,2002,Total Victims,14,11,10,312,154,40,541
Goa,2002,Total Victims,1,,1,10,9,10,31
Gujarat,2002,Total Victims,129,41,42,975,884,256,2327
Haryana,2002,Total Victims,6,11,5,433,318,38,811
Himachal Pradesh,2002,Total Victims,5,1,4,55,53,14,132
Jammu & Kashmir,2002,Total Victims,0,0,2,564,647,94,1307
Jharkhand,2002,Total Victims,3,2,3,635,551,294,1488
Karnataka,2002,Total Victims,18,3,7,826,694,156,1704
Kerala,2002,Total Victims,64,9,7,118,179,77,454
Madhya Pradesh,2002,Total Victims,8,12,74,1149,937,215,2395
Maharashtra,2002,Total Victims,156,54,45,1191,1192,353,2991
Manipur,2002,Total Victims,0,0,0,130,86,6,222
Meghalaya,2002,Total Victims,1,0,2,79,98,4,184
Mizoram,2002,Total Victims,0,0,0,23,4,2,29
Nagaland,2002,Total Victims,0,2,7,72,26,1,108
Odisha,2002,Total Victims,5,2,0,579,489,73,1148
Puducherry,2002,Total Victims,2,,,7,20,2,31
Punjab,2002,Total Victims,4,5,4,319,391,49,772
Rajasthan,2002,Total Victims,15,2,3,563,633,108,1324
Sikkim,2002,Total Victims,,,2,4,7,,13
Tamil Nadu,2002,Total Victims,29,12,4,771,708,263,1787
Tripura,2002,Total Victims,,,0,105,74,22,201
Uttar Pradesh,2002,Total Victims,36,191,311,3548,2886,566,7538
Uttarakhand,2002,Total Victims,,4,3,100,206,22,335
West Bengal,2002,Total Victims,3,0,0,852,537,61,1453
Andaman & Nicobar Islands,2003,Total Victims,1,0,0,8,10,2,21
Andhra Pradesh,2003,Total Victims,25,39,55,1370,1144,281,2914
Arunachal Pradesh,2003,Total Victims,0,0,0,64,13,0,77
Assam,2003,Total Victims,2,0,0,639,491,59,1191
Bihar,2003,Total Victims,5,2,5,1872,1683,205,3772
Chandigarh,2003,Total Victims,1,2,0,8,9,1,21
Chhattisgarh,2003,Total Victims,25,12,3,312,350,95,797
Dadra & Nagar Haveli,2003,Total Victims,,,,4,5,2,11
Daman & Diu,2003,Total Victims,0,0,0,0,3,3,6
Delhi,2003,Total Victims,19,16,19,254,146,48,502
Goa,2003,Total Victims,,,,11,17,6,34
Gujarat,2003,Total Victims,61,6,16,457,509,115,1164
Haryana,2003,Total Victims,3,2,19,401,284,39,748
Himachal Pradesh,2003,Total Victims,5,2,2,43,69,9,130
Jammu & Kashmir,2003,Total Victims,0,0,0,432,601,82,1115
Jharkhand,2003,Total Victims,7,3,2,683,672,115,1482
Karnataka,2003,Total Victims,91,23,71,648,593,150,1576
Kerala,2003,Total Victims,22,4,5,120,206,78,435
Madhya Pradesh,2003,Total Victims,41,25,99,984,924,154,2227
Maharashtra,2003,Total Victims,142,44,41,1250,1100,374,2951
Manipur,2003,Total Victims,1,0,0,117,58,9,185
Meghalaya,2003,Total Victims,1,0,13,64,93,4,175
Mizoram,2003,Total Victims,1,,4,16,24,1,46
Nagaland,2003,Total Victims,0,0,0,70,21,0,91
Odisha,2003,Total Victims,8,4,13,541,450,86,1102
Puducherry,2003,Total Victims,1,1,,11,12,5,30
Punjab,2003,Total Victims,12,5,8,338,332,74,769
Rajasthan,2003,Total Victims,13,7,6,560,562,136,1284
Sikkim,2003,Total Victims,1,,1,9,3,2,16
Tamil Nadu,2003,Total Victims,11,11,40,596,716,280,1654
Tripura,2003,Total Victims,,,0,135,89,30,254
Uttar Pradesh,2003,Total Victims,35,145,292,2438,1887,487,5284
Uttarakhand,2003,Total Victims,0,0,3,115,157,18,293
West Bengal,2003,Total Victims,3,2,4,792,601,62,1464
Andaman & Nicobar Islands,2004,Total Victims,1,0,0,2,10,2,15
Andhra Pradesh,2004,Total Victims,35,25,29,1157,1109,285,2640
Arunachal Pradesh,2004,Total Victims,0,0,0,36,28,3,67
Assam,2004,Total Victims,1,0,0,691,450,72,1214
Bihar,2004,Total Victims,4,13,4,2175,1564,188,3948
Chandigarh,2004,Total Victims,2,0,1,8,9,2,22
Chhattisgarh,2004,Total Victims,20,11,30,331,412,123,927
Dadra & Nagar Haveli,2004,Total Victims,2,0,1,3,4,1,11
Daman & Diu,2004,Total Victims,,,,2,1,,3
Delhi,2004,Total Victims,34,21,22,221,164,48,510
Goa,2004,Total Victims,1,1,,15,17,8,42
Gujarat,2004,Total Victims,84,7,12,472,490,104,1169
Haryana,2004,Total Victims,0,1,22,378,295,46,742
Himachal Pradesh,2004,Total Victims,3,3,3,37,44,20,110
Jammu & Kashmir,2004,Total Victims,1,,,496,410,82,989
Jharkhand,2004,Total Victims,7,3,2,686,675,115,1488
Karnataka,2004,Total Victims,47,3,4,745,605,163,1567
Kerala,2004,Total Victims,40,8,5,94,189,91,427
Madhya Pradesh,2004,Total Victims,8,22,114,1088,873,275,2380
Maharashtra,2004,Total Victims,125,28,52,1176,1105,291,2777
Manipur,2004,Total Victims,0,0,0,125,58,10,193
Meghalaya,2004,Total Victims,0,0,1,103,52,1,157
Mizoram,2004,Total Victims,0,0,0,15,14,6,35
Nagaland,2004,Total Victims,0,0,0,36,37,0,73
Odisha,2004,Total Victims,2,4,3,610,455,63,1137
Puducherry,2004,Total Victims,1,,,12,10,2,25
Punjab,2004,Total Victims,23,8,11,334,349,77,802
Rajasthan,2004,Total Victims,8,6,7,568,542,161,1292
Sikkim,2004,Total Victims,3,0,0,4,8,3,18
Tamil Nadu,2004,Total Victims,66,13,4,612,604,245,1544
Tripura,2004,Total Victims,0,3,2,124,75,22,226
Uttar Pradesh,2004,Total Victims,116,218,347,2837,2597,550,6665
Uttarakhand,2004,Total Victims,4,0,0,130,108,25,267
West Bengal,2004,Total Victims,1,1,0,736,630,65,1433
Andaman & Nicobar Islands,2005,Total Victims,1,,,5,8,1,15
Andhra Pradesh,2005,Total Victims,38,21,28,1277,1251,313,2928
Arunachal Pradesh,2005,Total Victims,0,0,0,59,20,2,81
Assam,2005,Total Victims,0,4,9,714,391,76,1194
Bihar,2005,Total Victims,14,10,13,2160,1085,189,3471
Chandigarh,2005,Total Victims,3,0,0,7,7,1,18
Chhattisgarh,2005,Total Victims,11,14,12,405,485,123,1050
Dadra & Nagar Haveli,2005,Total Victims,1,,1,2,1,2,7
Daman & Diu,2005,Total Victims,,1,,4,,,5
Delhi,2005,Total Victims,17,12,7,284,173,40,533
Goa,2005,Total Victims,3,1,,14,26,5,49
Gujarat,2005,Total Victims,70,17,12,418,471,115,1103
Haryana,2005,Total Victims,9,8,21,366,326,82,812
Himachal Pradesh,2005,Total Victims,6,0,4,40,53,15,118
Jammu & Kashmir,2005,Total Victims,4,0,0,425,272,45,746
Jharkhand,2005,Total Victims,5,29,113,452,794,130,1523
Karnataka,2005,Total Victims,39,2,6,779,665,182,1673
Kerala,2005,Total Victims,54,11,4,87,183,92,431
Lakshadweep,2005,Total Victims,,,,1,0,,1
Madhya Pradesh,2005,Total Victims,35,35,80,1019,974,285,2428
Maharashtra,2005,Total Victims,154,43,45,1122,1089,292,2745
Manipur,2005,Total Victims,1,1,1,186,100,6,295
Meghalaya,2005,Total Victims,3,1,7,57,64,6,138
Mizoram,2005,Total Victims,0,0,0,15,14,6,35
Nagaland,2005,Total Victims,0,0,0,48,38,5,91
Odisha,2005,Total Victims,3,3,4,535,501,87,1133
Puducherry,2005,Total Victims,,,,8,8,3,19
Punjab,2005,Total Victims,11,9,6,331,319,68,744
Rajasthan,2005,Total Victims,21,11,25,523,542,124,1246
Sikkim,2005,Total Victims,,1,0,3,4,1,9
Tamil Nadu,2005,Total Victims,54,10,3,552,644,248,1511
Tripura,2005,Total Victims,1,,0,91,52,14,158
Uttar Pradesh,2005,Total Victims,44,124,222,3120,2301,554,6365
Uttarakhand,2005,Total Victims,4,2,0,127,128,29,290
West Bengal,2005,Total Victims,0,2,0,942,436,74,1454
Andaman & Nicobar Islands,2006,Total Victims,,,,1,2,2,5
Andhra Pradesh,2006,Total Victims,28,20,15,1367,1118,392,2940
Arunachal Pradesh,2006,Total Victims,0,0,0,40,20,0,60
Assam,2006,Total Victims,0,4,7,691,422,83,1207
Bihar,2006,Total Victims,3,2,7,1933,1193,111,3249
Chandigarh,2006,Total Victims,1,0,0,2,6,5,14
Chhattisgarh,2006,Total Victims,12,12,24,427,482,141,1098
Dadra & Nagar Haveli,2006,Total Victims,1,0,0,3,4,1,9
Daman & Diu,2006,Total Victims,2,0,0,3,2,0,7
Delhi,2006,Total Victims,30,12,24,283,111,28,488
Goa,2006,Total Victims,,,2,12,15,11,40
Gujarat,2006,Total Victims,80,17,13,497,511,96,1214
Haryana,2006,Total Victims,0,9,21,404,409,56,899
Himachal Pradesh,2006,Total Victims,4,1,0,48,64,12,129
Jammu & Kashmir,2006,Total Victims,2,1,7,324,290,17,641
Jharkhand,2006,Total Victims,12,18,109,557,538,258,1492
Karnataka,2006,Total Victims,58,13,8,757,677,164,1677
Kerala,2006,Total Victims,65,4,3,102,174,78,426
Madhya Pradesh,2006,Total Victims,48,36,76,900,908,362,2330
Maharashtra,2006,Total Victims,159,38,54,1208,1135,367,2961
Manipur,2006,Total Victims,0,2,5,127,87,17,238
Meghalaya,2006,Total Victims,2,0,5,82,65,3,157
Mizoram,2006,Total Victims,0,0,0,20,5,0,25
Nagaland,2006,Total Victims,4,1,4,77,35,2,123
Odisha,2006,Total Victims,3,4,11,560,535,54,1167
Puducherry,2006,Total Victims,,,1,12,14,3,30
Punjab,2006,Total Victims,10,6,10,386,328,111,851
Rajasthan,2006,Total Victims,30,22,25,505,511,145,1238
Sikkim,2006,Total Victims,,,4,5,8,4,21
Tamil Nadu,2006,Total Victims,48,16,6,492,620,236,1418
Tripura,2006,Total Victims,1,2,,71,73,18,165
Uttar Pradesh,2006,Total Victims,34,161,231,2813,2013,510,5762
Uttarakhand,2006,Total Victims,2,2,6,96,167,12,285
West Bengal,2006,Total Victims,1,0,2,881,489,69,1442
Andaman & Nicobar Islands,2007,Total Victims,,,,6,6,3,15
Andhra Pradesh,2007,Total Victims,45,24,39,1289,1180,273,2850
Arunachal Pradesh,2007,Total Victims,0,0,0,44,23,1,68
Assam,2007,Total Victims,0,1,1,817,458,97,1374
Bihar,2007,Total Victims,16,23,56,1688,1132,166,3081
Chandigarh,2007,Total Victims,2,0,0,10,7,1,20
Chhattisgarh,2007,Total Victims,13,15,17,381,444,227,1097
Dadra & Nagar Haveli,2007,Total Victims,1,,,3,6,0,10
Daman & Diu,2007,Total Victims,1,1,0,4,2,4,12
Delhi,2007,Total Victims,24,8,25,276,137,41,511
Goa,2007,Total Victims,2,,,9,15,8,34
Gujarat,2007,Total Victims,71,15,18,406,577,127,1214
Haryana,2007,Total Victims,33,28,38,416,367,60,942
Himachal Pradesh,2007,Total Victims,5,3,2,46,60,16,132
Jammu & Kashmir,2007,Total Victims,0,0,0,196,152,18,366
Jharkhand,2007,Total Victims,2,13,10,637,826,129,1617
Karnataka,2007,Total Victims,32,9,12,670,689,174,1586
Kerala,2007,Total Victims,39,9,5,88,167,85,393
Madhya Pradesh,2007,Total Victims,81,34,45,950,924,281,2315
Maharashtra,2007,Total Victims,165,39,46,1175,1020,348,2793
Manipur,2007,Total Victims,1,1,6,148,129,10,295
Meghalaya,2007,Total Victims,2,3,7,39,54,9,114
Mizoram,2007,Total Victims,0,1,2,26,12,2,43
Nagaland,2007,Total Victims,1,0,2,51,61,3,118
Odisha,2007,Total Victims,6,12,15,637,521,44,1235
Puducherry,2007,Total Victims,2,,1,21,8,3,35
Punjab,2007,Total Victims,10,13,10,386,322,85,826
Rajasthan,2007,Total Victims,28,29,32,536,606,128,1359
Sikkim,2007,Total Victims,,1,,5,2,1,9
Tamil Nadu,2007,Total Victims,49,14,5,607,722,314,1711
Tripura,2007,Total Victims,3,4,4,52,62,25,150
Uttar Pradesh,2007,Total Victims,61,160,176,2432,1907,446,5182
Uttarakhand,2007,Total Victims,5,4,5,164,65,25,268
West Bengal,2007,Total Victims,8,2,5,968,592,78,1653
Andaman & Nicobar Islands,2008,Total Victims,,2,,2,2,2,8
Andhra Pradesh,2008,Total Victims,36,21,64,1266,1072,303,2762
Arunachal Pradesh,2008,Total Victims,0,0,0,40,30,2,72
Assam,2008,Total Victims,0,1,0,851,519,55,1426
Bihar,2008,Total Victims,37,19,60,1837,1072,114,3139
Chandigarh,2008,Total Victims,0,0,0,10,5,2,17
Chhattisgarh,2008,Total Victims,23,19,56,411,508,152,1169
Dadra & Nagar Haveli,2008,Total Victims,,1,,,5,3,9
Daman & Diu,2008,Total Victims,0,0,,0,2,0,2
Delhi,2008,Total Victims,25,9,17,202,293,43,589
Goa,2008,Total Victims,2,1,0,18,21,11,53
Gujarat,2008,Total Victims,47,9,10,449,523,107,1145
Haryana,2008,Total Victims,7,11,13,404,423,112,970
Himachal Pradesh,2008,Total Victims,4,3,7,37,65,14,130
Jammu & Kashmir,2008,Total Victims,0,0,0,107,141,18,266
Jharkhand,2008,Total Victims,4,0,7,841,747,98,1697
Karnataka,2008,Total Victims,107,28,32,700,761,172,1800
Kerala,2008,Total Victims,39,10,,86,167,77,379
Lakshadweep,2008,Total Victims,,,,,1,,1
Madhya Pradesh,2008,Total Victims,22,68,17,930,1002,312,2351
Maharashtra,2008,Total Victims,116,43,41,1241,1200,335,2976
Manipur,2008,Total Victims,5,4,3,141,103,12,268
Meghalaya,2008,Total Victims,0,0,0,65,52,9,126
Mizoram,2008,Total Victims,0,0,0,24,11,0,35
Nagaland,2008,Total Victims,0,0,0,86,58,3,147
Odisha,2008,Total Victims,6,4,3,533,606,98,1250
Puducherry,2008,Total Victims,1,,,17,12,5,35
Punjab,2008,Total Victims,10,9,13,386,314,83,815
Rajasthan,2008,Total Victims,21,24,48,527,569,131,1320
Sikkim,2008,Total Victims,,,2,4,3,,9
Tamil Nadu,2008,Total Victims,88,8,4,597,800,327,1824
Tripura,2008,Total Victims,7,9,4,57,72,17,166
Uttar Pradesh,2008,Total Victims,60,124,192,2287,1640,396,4699
Uttarakhand,2008,Total Victims,1,,2,168,62,28,261
West Bengal,2008,Total Victims,2,5,14,910,715,165,1811
Andaman & Nicobar Islands,2009,Total Victims,3,,,6,9,,18
Andhra Pradesh,2009,Total Victims,30,18,29,1047,1076,275,2475
Arunachal Pradesh,2009,Total Victims,0,0,0,31,28,0,59
Assam,2009,Total Victims,0,0,4,846,433,40,1323
Bihar,2009,Total Victims,22,26,78,1858,1052,143,3179
Chandigarh,2009,Total Victims,1,0,0,12,8,1,22
Chhattisgarh,2009,Total Victims,39,11,34,355,483,161,1083
Dadra & Nagar Haveli,2009,Total Victims,1,,,4,4,1,10
Daman & Diu,2009,Total Victims,,,,2,3,,5
Delhi,2009,Total Victims,30,21,30,291,158,41,571
Goa,2009,Total Victims,3,0,1,22,25,6,57
Gujarat,2009,Total Victims,58,15,6,386,504,90,1059
Haryana,2009,Total Victims,2,6,11,427,463,98,1007
Himachal Pradesh,2009,Total Victims,4,2,3,41,60,23,133
Jammu & Kashmir,2009,Total Victims,1,0,3,124,120,14,262
Jharkhand,2009,Total Victims,4,2,5,728,808,89,1636
Karnataka,2009,Total Victims,28,23,12,698,804,187,1752
Kerala,2009,Total Victims,42,11,6,80,154,76,369
Madhya Pradesh,2009,Total Victims,60,31,36,949,992,334,2402
Maharashtra,2009,Total Victims,142,26,38,1171,1015,320,2712
Manipur,2009,Total Victims,4,2,4,61,85,18,174
Meghalaya,2009,Total Victims,0,2,6,85,27,8,128
Mizoram,2009,Total Victims,,0,,11,20,,31
Nagaland,2009,Total Victims,0,0,0,30,18,1,49
Odisha,2009,Total Victims,4,1,8,551,544,158,1266
Puducherry,2009,Total Victims,1,,,16,19,3,39
Punjab,2009,Total Victims,33,21,28,343,380,56,861
Rajasthan,2009,Total Victims,29,24,44,574,587,159,1417
Sikkim,2009,Total Victims,3,,,10,6,1,20
Tamil Nadu,2009,Total Victims,81,14,10,578,835,339,1857
Tripura,2009,Total Victims,10,5,3,56,63,11,148
Uttar Pradesh,2009,Total Victims,71,145,156,2259,1613,435,4679
Uttarakhand,2009,Total Victims,2,2,1,110,66,14,195
West Bengal,2009,Total Victims,5,8,10,1117,908,113,2161
Andaman & Nicobar Islands,2010,Total Victims,,,2,2,6,,10
Andhra Pradesh,2010,Total Victims,22,28,19,1197,804,468,2538
Arunachal Pradesh,2010,Total Victims,0,0,0,55,20,0,75
Assam,2010,Total Victims,,,10,763,404,46,1223
Bihar,2010,Total Victims,26,44,132,1861,1074,225,3362
Chandigarh,2010,Total Victims,1,0,0,6,11,4,22
Chhattisgarh,2010,Total Victims,32,13,50,358,467,145,1065
Dadra & Nagar Haveli,2010,Total Victims,,,,1,5,,6
Daman & Diu,2010,Total Victims,0,0,0,4,1,0,5
Delhi,2010,Total Victims,10,11,18,293,206,39,577
Goa,2010,Total Victims,0,0,1,14,18,2,35
Gujarat,2010,Total Victims,46,18,7,443,458,110,1082
Haryana,2010,Total Victims,6,10,14,466,469,79,1044
Himachal Pradesh,2010,Total Victims,5,0,3,42,64,19,133
Jammu & Kashmir,2010,Total Victims,1,0,0,106,106,22,235
Jharkhand,2010,Total Victims,4,2,2,1036,631,77,1752
Karnataka,2010,Total Victims,45,6,9,858,773,187,1878
Kerala,2010,Total Victims,39,9,1,84,190,82,405
Madhya Pradesh,2010,Total Victims,55,40,49,978,1015,304,2441
Maharashtra,2010,Total Victims,169,34,34,1222,1056,322,2837
Manipur,2010,Total Victims,0,2,0,31,59,9,101
Meghalaya,2010,Total Victims,1,0,1,69,56,10,137
Mizoram,2010,Total Victims,0,0,2,8,29,9,48
Nagaland,2010,Total Victims,0,0,0,20,17,10,47
Odisha,2010,Total Victims,10,0,2,566,637,104,1319
Puducherry,2010,Total Victims,,,,13,13,8,34
Punjab,2010,Total Victims,21,9,18,384,427,86,945
Rajasthan,2010,Total Victims,29,22,42,567,626,135,1421
Sikkim,2010,Total Victims,2,1,,4,7,3,17
Tamil Nadu,2010,Total Victims,63,13,16,650,839,327,1908
Tripura,2010,Total Victims,0,2,0,60,73,24,159
Uttar Pradesh,2010,Total Victims,138,82,126,2358,1408,344,4456
Uttarakhand,2010,Total Victims,,1,2,91,63,19,176
West Bengal,2010,Total Victims,2,8,6,1177,1102,120,2415
